time,in_temp
2021-02-04 09:14:00+00:00,
2021-02-04 09:15:00+00:00,5.3
2021-02-04 09:16:00+00:00,6.6
2021-02-04 09:17:00+00:00,8.4
2021-02-04 09:18:00+00:00,9.8
2021-02-04 09:19:00+00:00,11.0
2021-02-04 09:20:00+00:00,12.1
2021-02-04 09:21:00+00:00,13.0
2021-02-04 09:22:00+00:00,13.8
2021-02-04 09:23:00+00:00,14.5
2021-02-04 09:24:00+00:00,15.1
2021-02-04 09:25:00+00:00,15.7
2021-02-04 09:26:00+00:00,16.1
2021-02-04 09:27:00+00:00,16.5
2021-02-04 09:28:00+00:00,16.89
2021-02-04 09:29:00+00:00,17.2
2021-02-04 09:30:00+00:00,17.5
2021-02-04 09:31:00+00:00,17.7
2021-02-04 09:32:00+00:00,17.89
2021-02-04 09:33:00+00:00,18.1
2021-02-04 09:34:00+00:00,18.3
2021-02-04 09:35:00+00:00,18.5
2021-02-04 09:36:00+00:00,18.6
2021-02-04 09:37:00+00:00,18.8
2021-02-04 09:38:00+00:00,18.89
2021-02-04 09:39:00+00:00,19.0
2021-02-04 09:40:00+00:00,19.1
2021-02-04 09:41:00+00:00,19.2
2021-02-04 09:42:00+00:00,19.3
2021-02-04 09:43:00+00:00,19.3
2021-02-04 09:44:00+00:00,
2021-02-04 09:45:00+00:00,
2021-02-04 09:46:00+00:00,19.5
2021-02-04 09:47:00+00:00,19.5
2021-02-04 09:48:00+00:00,19.5
2021-02-04 09:49:00+00:00,19.6
2021-02-04 09:50:00+00:00,19.6
2021-02-04 09:51:00+00:00,19.6
2021-02-04 09:52:00+00:00,19.6
2021-02-04 09:53:00+00:00,19.6
2021-02-04 09:55:00+00:00,19.6
2021-02-04 09:57:00+00:00,19.6
2021-02-04 09:58:00+00:00,19.6
2021-02-04 09:59:00+00:00,19.7
2021-02-04 10:00:00+00:00,19.7
2021-02-04 10:01:00+00:00,19.7
2021-02-04 10:02:00+00:00,19.7
2021-02-04 10:03:00+00:00,19.7
2021-02-04 10:04:00+00:00,19.7
2021-02-04 10:05:00+00:00,19.7
2021-02-04 10:06:00+00:00,19.7
2021-02-04 10:07:00+00:00,19.7
2021-02-04 10:08:00+00:00,19.7
2021-02-04 10:09:00+00:00,19.7
2021-02-04 10:10:00+00:00,19.7
2021-02-04 10:12:00+00:00,19.7
2021-02-04 10:13:00+00:00,19.7
2021-02-04 10:15:00+00:00,19.7
2021-02-04 10:16:00+00:00,19.7
2021-02-04 10:17:00+00:00,19.6
2021-02-04 10:18:00+00:00,19.7
2021-02-04 10:19:00+00:00,19.7
2021-02-04 10:20:00+00:00,19.7
2021-02-04 10:21:00+00:00,19.7
2021-02-04 10:22:00+00:00,19.7
2021-02-04 10:23:00+00:00,19.8
2021-02-04 10:24:00+00:00,19.8
2021-02-04 10:25:00+00:00,19.8
2021-02-04 10:26:00+00:00,19.8
2021-02-04 10:27:00+00:00,19.8
2021-02-04 10:28:00+00:00,19.8
2021-02-04 10:29:00+00:00,19.8
2021-02-04 10:30:00+00:00,19.8
2021-02-04 10:31:00+00:00,19.8
2021-02-04 10:32:00+00:00,19.8
2021-02-04 10:33:00+00:00,19.8
2021-02-04 10:34:00+00:00,19.8
2021-02-04 10:35:00+00:00,19.8
2021-02-04 10:37:00+00:00,19.8
2021-02-04 10:38:00+00:00,19.8
2021-02-04 10:39:00+00:00,19.8
2021-02-04 10:40:00+00:00,19.8
2021-02-04 10:41:00+00:00,19.7
2021-02-04 10:42:00+00:00,19.7
2021-02-04 10:43:00+00:00,19.8
2021-02-04 10:44:00+00:00,19.89
2021-02-04 10:45:00+00:00,19.89
2021-02-04 10:47:00+00:00,19.89
2021-02-04 10:48:00+00:00,19.89
2021-02-04 10:49:00+00:00,19.89
2021-02-04 10:50:00+00:00,19.89
2021-02-04 10:52:00+00:00,19.89
2021-02-04 10:54:00+00:00,19.89
2021-02-04 10:55:00+00:00,19.89
2021-02-04 10:56:00+00:00,20.0
2021-02-04 10:58:00+00:00,19.89
2021-02-04 10:59:00+00:00,20.0
2021-02-04 11:00:00+00:00,20.0
2021-02-04 11:02:00+00:00,19.89
2021-02-04 11:03:00+00:00,20.0
2021-02-04 11:04:00+00:00,20.0
2021-02-04 11:05:00+00:00,20.0
2021-02-04 11:06:00+00:00,20.0
2021-02-04 11:07:00+00:00,20.0
2021-02-04 11:09:00+00:00,20.1
2021-02-04 11:10:00+00:00,20.1
2021-02-04 11:11:00+00:00,20.0
2021-02-04 11:12:00+00:00,20.0
2021-02-04 11:13:00+00:00,20.1
2021-02-04 11:15:00+00:00,20.1
2021-02-04 11:16:00+00:00,20.0
2021-02-04 11:18:00+00:00,20.1
2021-02-04 11:19:00+00:00,20.0
2021-02-04 11:20:00+00:00,20.0
2021-02-04 11:21:00+00:00,20.0
2021-02-04 11:22:00+00:00,20.1
2021-02-04 11:23:00+00:00,20.2
2021-02-04 11:24:00+00:00,20.2
2021-02-04 11:25:00+00:00,20.2
2021-02-04 11:26:00+00:00,20.2
2021-02-04 11:27:00+00:00,20.2
2021-02-04 11:28:00+00:00,20.2
2021-02-04 11:29:00+00:00,20.2
2021-02-04 11:30:00+00:00,20.2
2021-02-04 11:31:00+00:00,20.2
2021-02-04 11:32:00+00:00,20.3
2021-02-04 11:33:00+00:00,20.39
2021-02-04 11:34:00+00:00,20.3
2021-02-04 11:35:00+00:00,20.3
2021-02-04 11:36:00+00:00,20.3
2021-02-04 11:37:00+00:00,20.3
2021-02-04 11:38:00+00:00,20.3
2021-02-04 11:40:00+00:00,20.39
2021-02-04 11:41:00+00:00,20.39
2021-02-04 11:42:00+00:00,20.39
2021-02-04 11:43:00+00:00,20.39
2021-02-04 11:44:00+00:00,20.39
2021-02-04 11:45:00+00:00,20.39
2021-02-04 11:46:00+00:00,20.39
2021-02-04 11:47:00+00:00,20.5
2021-02-04 11:48:00+00:00,20.39
2021-02-04 11:49:00+00:00,20.39
2021-02-04 11:50:00+00:00,20.39
2021-02-04 11:51:00+00:00,20.39
2021-02-04 11:52:00+00:00,20.39
2021-02-04 11:53:00+00:00,20.39
2021-02-04 11:55:00+00:00,20.39
2021-02-04 11:57:00+00:00,20.5
2021-02-04 11:58:00+00:00,20.5
2021-02-04 12:01:00+00:00,20.5
2021-02-04 12:02:00+00:00,20.5
2021-02-04 12:03:00+00:00,20.5
2021-02-04 12:04:00+00:00,20.6
2021-02-04 12:05:00+00:00,20.6
2021-02-04 12:06:00+00:00,20.7
2021-02-04 12:07:00+00:00,20.6
2021-02-04 12:08:00+00:00,20.7
2021-02-04 12:09:00+00:00,20.7
2021-02-04 12:10:00+00:00,20.7
2021-02-04 12:11:00+00:00,20.8
2021-02-04 12:12:00+00:00,20.7
2021-02-04 12:13:00+00:00,20.7
2021-02-04 12:14:00+00:00,20.7
2021-02-04 12:15:00+00:00,20.7
2021-02-04 12:16:00+00:00,20.7
2021-02-04 12:17:00+00:00,20.7
2021-02-04 12:18:00+00:00,20.7
2021-02-04 12:20:00+00:00,20.7
2021-02-04 12:22:00+00:00,20.7
2021-02-04 12:25:00+00:00,20.7
2021-02-04 12:26:00+00:00,20.8
2021-02-04 12:28:00+00:00,20.8
2021-02-04 12:29:00+00:00,20.8
2021-02-04 12:30:00+00:00,20.8
2021-02-04 12:31:00+00:00,20.9
2021-02-04 12:32:00+00:00,20.8
2021-02-04 12:33:00+00:00,20.9
2021-02-04 12:34:00+00:00,20.9
2021-02-04 12:35:00+00:00,20.9
2021-02-04 12:36:00+00:00,20.9
2021-02-04 12:37:00+00:00,20.9
2021-02-04 12:38:00+00:00,20.9
2021-02-04 12:39:00+00:00,20.8
2021-02-04 12:41:00+00:00,20.9
2021-02-04 12:42:00+00:00,20.9
2021-02-04 12:43:00+00:00,20.8
2021-02-04 12:45:00+00:00,20.8
2021-02-04 12:47:00+00:00,20.8
2021-02-04 12:49:00+00:00,20.8
2021-02-04 12:50:00+00:00,20.7
2021-02-04 12:52:00+00:00,20.7
2021-02-04 12:53:00+00:00,20.7
2021-02-04 12:54:00+00:00,20.7
2021-02-04 12:59:00+00:00,20.6
2021-02-04 13:00:00+00:00,20.6
2021-02-04 13:01:00+00:00,20.6
2021-02-04 13:02:00+00:00,20.6
2021-02-04 13:03:00+00:00,20.7
2021-02-04 13:08:00+00:00,20.7
2021-02-04 13:10:00+00:00,20.6
2021-02-04 13:11:00+00:00,20.6
2021-02-04 13:12:00+00:00,20.6
2021-02-04 13:13:00+00:00,20.6
2021-02-04 13:14:00+00:00,20.6
2021-02-04 13:15:00+00:00,20.6
2021-02-04 13:16:00+00:00,20.6
2021-02-04 13:18:00+00:00,20.6
2021-02-04 13:19:00+00:00,20.6
2021-02-04 13:22:00+00:00,20.6
2021-02-04 13:24:00+00:00,20.6
2021-02-04 13:27:00+00:00,20.6
2021-02-04 13:30:00+00:00,20.5
2021-02-04 13:31:00+00:00,20.5
2021-02-04 13:32:00+00:00,20.5
2021-02-04 13:34:00+00:00,20.6
2021-02-04 13:35:00+00:00,20.5
2021-02-04 13:36:00+00:00,20.5
2021-02-04 13:37:00+00:00,20.5
2021-02-04 13:38:00+00:00,20.6
2021-02-04 13:39:00+00:00,20.6
2021-02-04 13:40:00+00:00,20.6
2021-02-04 13:41:00+00:00,20.5
2021-02-04 13:42:00+00:00,20.5
2021-02-04 13:43:00+00:00,20.39
2021-02-04 13:44:00+00:00,20.39
2021-02-04 13:45:00+00:00,20.3
2021-02-04 13:46:00+00:00,20.3
2021-02-04 13:47:00+00:00,20.3
2021-02-04 13:48:00+00:00,20.3
2021-02-04 13:49:00+00:00,20.3
2021-02-04 13:50:00+00:00,20.3
2021-02-04 13:51:00+00:00,20.3
2021-02-04 13:52:00+00:00,20.3
2021-02-04 13:53:00+00:00,20.3
2021-02-04 13:55:00+00:00,20.3
2021-02-04 13:56:00+00:00,20.3
2021-02-04 13:57:00+00:00,20.3
2021-02-04 13:58:00+00:00,20.3
2021-02-04 13:59:00+00:00,20.3
2021-02-04 14:00:00+00:00,20.3
2021-02-04 14:01:00+00:00,20.3
2021-02-04 14:02:00+00:00,20.3
2021-02-04 14:03:00+00:00,20.2
2021-02-04 14:04:00+00:00,20.2
2021-02-04 14:05:00+00:00,20.3
2021-02-04 14:09:00+00:00,20.2
2021-02-04 14:10:00+00:00,20.2
2021-02-04 14:11:00+00:00,20.2
2021-02-04 14:12:00+00:00,20.2
2021-02-04 14:13:00+00:00,20.2
2021-02-04 14:14:00+00:00,20.1
2021-02-04 14:15:00+00:00,20.1
2021-02-04 14:16:00+00:00,20.1
2021-02-04 14:18:00+00:00,20.0
2021-02-04 14:20:00+00:00,20.0
2021-02-04 14:21:00+00:00,20.0
2021-02-04 14:22:00+00:00,20.0
2021-02-04 14:23:00+00:00,20.0
2021-02-04 14:24:00+00:00,20.0
2021-02-04 14:25:00+00:00,20.0
2021-02-04 14:26:00+00:00,20.0
2021-02-04 14:27:00+00:00,19.89
2021-02-04 14:28:00+00:00,19.89
2021-02-04 14:29:00+00:00,19.89
2021-02-04 14:30:00+00:00,19.89
2021-02-04 14:31:00+00:00,20.0
2021-02-04 14:32:00+00:00,19.89
2021-02-04 14:33:00+00:00,19.89
2021-02-04 14:34:00+00:00,20.0
2021-02-04 14:35:00+00:00,19.89
2021-02-04 14:36:00+00:00,20.0
2021-02-04 14:37:00+00:00,19.89
2021-02-04 14:38:00+00:00,19.89
2021-02-04 14:39:00+00:00,19.89
2021-02-04 14:40:00+00:00,19.8
2021-02-04 14:42:00+00:00,19.8
2021-02-04 14:44:00+00:00,19.7
2021-02-04 14:45:00+00:00,19.7
2021-02-04 14:46:00+00:00,19.7
2021-02-04 14:47:00+00:00,19.7
2021-02-04 14:48:00+00:00,19.7
2021-02-04 14:49:00+00:00,19.7
2021-02-04 14:50:00+00:00,19.7
2021-02-04 14:51:00+00:00,19.7
2021-02-04 14:52:00+00:00,19.7
2021-02-04 14:54:00+00:00,19.6
2021-02-04 14:55:00+00:00,19.6
2021-02-04 14:56:00+00:00,19.5
2021-02-04 14:57:00+00:00,19.5
2021-02-04 14:58:00+00:00,19.5
2021-02-04 14:59:00+00:00,19.5
2021-02-04 15:00:00+00:00,19.5
2021-02-04 15:01:00+00:00,19.5
2021-02-04 15:07:00+00:00,19.5
2021-02-04 15:08:00+00:00,19.5
2021-02-04 15:09:00+00:00,
2021-02-04 15:10:00+00:00,
2021-02-04 15:12:00+00:00,
2021-02-04 15:16:00+00:00,
2021-02-04 15:17:00+00:00,
2021-02-04 15:18:00+00:00,
2021-02-04 15:20:00+00:00,19.3
2021-02-04 15:21:00+00:00,19.3
2021-02-04 15:22:00+00:00,19.3
2021-02-04 15:23:00+00:00,19.3
2021-02-04 15:26:00+00:00,
2021-02-04 15:27:00+00:00,
2021-02-04 15:28:00+00:00,
2021-02-04 15:29:00+00:00,
2021-02-04 15:31:00+00:00,
2021-02-04 15:35:00+00:00,19.5
2021-02-04 15:37:00+00:00,19.6
2021-02-04 15:38:00+00:00,19.6
2021-02-04 15:39:00+00:00,19.6
2021-02-04 15:40:00+00:00,19.6
2021-02-04 15:41:00+00:00,19.6
2021-02-04 15:42:00+00:00,19.6
2021-02-04 15:43:00+00:00,19.6
2021-02-04 15:46:00+00:00,19.6
2021-02-04 15:47:00+00:00,19.7
2021-02-04 15:49:00+00:00,19.7
2021-02-04 15:50:00+00:00,19.7
2021-02-04 15:51:00+00:00,19.7
2021-02-04 15:52:00+00:00,19.8
2021-02-04 15:53:00+00:00,19.8
2021-02-04 15:54:00+00:00,19.89
2021-02-04 15:55:00+00:00,19.89
2021-02-04 15:57:00+00:00,20.0
2021-02-04 15:58:00+00:00,20.0
2021-02-04 16:00:00+00:00,20.1
2021-02-04 16:01:00+00:00,20.2
2021-02-04 16:02:00+00:00,20.1
2021-02-04 16:03:00+00:00,20.2
2021-02-04 16:05:00+00:00,20.3
2021-02-04 16:06:00+00:00,20.3
2021-02-04 16:07:00+00:00,20.3
2021-02-04 16:08:00+00:00,20.39
2021-02-04 16:09:00+00:00,20.3
2021-02-04 16:10:00+00:00,20.2
2021-02-04 16:12:00+00:00,20.3
2021-02-04 16:13:00+00:00,20.39
2021-02-04 16:14:00+00:00,20.39
2021-02-04 16:15:00+00:00,20.39
2021-02-04 16:16:00+00:00,20.5
2021-02-04 16:17:00+00:00,20.39
2021-02-04 16:18:00+00:00,20.5
2021-02-04 16:19:00+00:00,20.5
2021-02-04 16:20:00+00:00,20.5
2021-02-04 16:21:00+00:00,20.5
2021-02-04 16:22:00+00:00,20.5
2021-02-04 16:23:00+00:00,20.5
2021-02-04 16:24:00+00:00,20.5
2021-02-04 16:25:00+00:00,20.39
2021-02-04 16:26:00+00:00,20.39
2021-02-04 16:27:00+00:00,20.5
2021-02-04 16:28:00+00:00,20.5
2021-02-04 16:29:00+00:00,20.5
2021-02-04 16:34:00+00:00,20.5
2021-02-04 16:35:00+00:00,20.5
2021-02-04 16:36:00+00:00,20.5
2021-02-04 16:38:00+00:00,20.5
2021-02-04 16:39:00+00:00,20.5
2021-02-04 16:42:00+00:00,20.5
2021-02-04 16:43:00+00:00,20.6
2021-02-04 16:44:00+00:00,20.5
2021-02-04 16:45:00+00:00,20.5
2021-02-04 16:46:00+00:00,20.5
2021-02-04 16:47:00+00:00,20.5
2021-02-04 16:48:00+00:00,20.5
2021-02-04 16:50:00+00:00,20.5
2021-02-04 16:52:00+00:00,20.6
2021-02-04 16:55:00+00:00,20.6
2021-02-04 16:58:00+00:00,20.6
2021-02-04 17:00:00+00:00,20.39
2021-02-04 17:01:00+00:00,20.39
2021-02-04 17:02:00+00:00,20.39
2021-02-04 17:03:00+00:00,20.39
2021-02-04 17:04:00+00:00,20.39
2021-02-04 17:05:00+00:00,20.39
2021-02-04 17:06:00+00:00,20.39
2021-02-04 17:07:00+00:00,20.39
2021-02-04 17:09:00+00:00,20.3
2021-02-04 17:11:00+00:00,20.3
2021-02-04 17:12:00+00:00,20.3
2021-02-04 17:13:00+00:00,
2021-02-04 17:14:00+00:00,20.3
2021-02-04 17:15:00+00:00,20.3
2021-02-04 17:16:00+00:00,20.39
2021-02-04 17:17:00+00:00,20.39
2021-02-04 17:19:00+00:00,20.3
2021-02-04 17:21:00+00:00,20.3
2021-02-04 17:23:00+00:00,20.2
2021-02-04 17:24:00+00:00,20.2
2021-02-04 17:25:00+00:00,20.2
2021-02-04 17:26:00+00:00,20.2
2021-02-04 17:27:00+00:00,20.2
2021-02-04 17:28:00+00:00,20.2
2021-02-04 17:29:00+00:00,20.1
2021-02-04 17:30:00+00:00,20.2
2021-02-04 17:31:00+00:00,20.2
2021-02-04 17:33:00+00:00,20.1
2021-02-04 17:34:00+00:00,20.2
2021-02-04 17:36:00+00:00,20.1
2021-02-04 17:37:00+00:00,20.1
2021-02-04 17:38:00+00:00,20.1
2021-02-04 17:40:00+00:00,20.1
2021-02-04 17:42:00+00:00,20.1
2021-02-04 17:43:00+00:00,20.0
2021-02-04 17:44:00+00:00,20.1
2021-02-04 17:46:00+00:00,20.0
2021-02-04 17:47:00+00:00,20.0
2021-02-04 17:48:00+00:00,20.0
2021-02-04 17:49:00+00:00,20.0
2021-02-04 17:50:00+00:00,20.0
2021-02-04 17:51:00+00:00,20.0
2021-02-04 17:52:00+00:00,20.0
2021-02-04 17:54:00+00:00,20.0
2021-02-04 17:55:00+00:00,19.89
2021-02-04 17:59:00+00:00,19.89
2021-02-04 18:00:00+00:00,19.89
2021-02-04 18:02:00+00:00,19.8
2021-02-04 18:04:00+00:00,19.8
2021-02-04 18:05:00+00:00,19.8
2021-02-04 18:07:00+00:00,19.8
2021-02-04 18:08:00+00:00,19.8
2021-02-04 18:09:00+00:00,19.8
2021-02-04 18:10:00+00:00,19.7
2021-02-04 18:11:00+00:00,19.7
2021-02-04 18:12:00+00:00,19.7
2021-02-04 18:13:00+00:00,19.7
2021-02-04 18:14:00+00:00,19.7
2021-02-04 18:15:00+00:00,19.7
2021-02-04 18:16:00+00:00,19.7
2021-02-04 18:17:00+00:00,19.7
2021-02-04 18:18:00+00:00,19.7
2021-02-04 18:19:00+00:00,19.7
2021-02-04 18:20:00+00:00,19.7
2021-02-04 18:24:00+00:00,19.6
2021-02-04 18:25:00+00:00,19.6
2021-02-04 18:26:00+00:00,19.6
2021-02-04 18:27:00+00:00,19.6
2021-02-04 18:29:00+00:00,19.6
2021-02-04 18:31:00+00:00,19.5
2021-02-04 18:34:00+00:00,
2021-02-04 18:35:00+00:00,
2021-02-04 18:36:00+00:00,
2021-02-04 18:37:00+00:00,19.3
2021-02-04 18:38:00+00:00,19.3
2021-02-04 18:40:00+00:00,
2021-02-04 18:42:00+00:00,19.3
2021-02-04 18:43:00+00:00,19.3
2021-02-04 18:45:00+00:00,19.3
2021-02-04 18:47:00+00:00,19.3
2021-02-04 18:50:00+00:00,19.2
2021-02-04 18:51:00+00:00,19.2
2021-02-04 18:52:00+00:00,19.2
2021-02-04 18:53:00+00:00,19.2
2021-02-04 18:54:00+00:00,19.2
2021-02-04 18:56:00+00:00,19.2
2021-02-04 18:57:00+00:00,19.2
2021-02-04 18:58:00+00:00,19.1
2021-02-04 18:59:00+00:00,19.1
2021-02-04 19:00:00+00:00,19.1
2021-02-04 19:01:00+00:00,19.2
2021-02-04 19:02:00+00:00,19.2
2021-02-04 19:03:00+00:00,19.2
2021-02-04 19:04:00+00:00,19.2
2021-02-04 19:05:00+00:00,19.1
2021-02-04 19:06:00+00:00,19.2
2021-02-04 19:07:00+00:00,19.2
2021-02-04 19:08:00+00:00,19.1
2021-02-04 19:10:00+00:00,19.1
2021-02-04 19:11:00+00:00,19.0
2021-02-04 19:12:00+00:00,19.0
2021-02-04 19:13:00+00:00,19.1
2021-02-04 19:14:00+00:00,19.1
2021-02-04 19:15:00+00:00,19.0
2021-02-04 19:17:00+00:00,19.0
2021-02-04 19:19:00+00:00,19.0
2021-02-04 19:20:00+00:00,19.0
2021-02-04 19:22:00+00:00,19.1
2021-02-04 19:23:00+00:00,19.0
2021-02-04 19:29:00+00:00,19.0
2021-02-04 19:30:00+00:00,19.0
2021-02-04 19:31:00+00:00,19.0
2021-02-04 19:32:00+00:00,19.0
2021-02-04 19:33:00+00:00,19.0
2021-02-04 19:35:00+00:00,19.0
2021-02-04 19:36:00+00:00,19.0
2021-02-04 19:37:00+00:00,19.0
2021-02-04 19:38:00+00:00,19.0
2021-02-04 19:39:00+00:00,19.0
2021-02-04 19:41:00+00:00,19.1
2021-02-04 19:42:00+00:00,19.1
2021-02-04 19:43:00+00:00,19.1
2021-02-04 19:44:00+00:00,19.1
2021-02-04 19:45:00+00:00,19.2
2021-02-04 19:47:00+00:00,19.2
2021-02-04 19:48:00+00:00,19.2
2021-02-04 19:49:00+00:00,19.2
2021-02-04 19:50:00+00:00,19.2
2021-02-04 19:51:00+00:00,19.2
2021-02-04 19:52:00+00:00,19.2
2021-02-04 19:53:00+00:00,19.2
2021-02-04 19:54:00+00:00,19.2
2021-02-04 19:55:00+00:00,19.3
2021-02-04 19:56:00+00:00,19.3
2021-02-04 19:57:00+00:00,19.3
2021-02-04 19:58:00+00:00,19.2
2021-02-04 19:59:00+00:00,19.2
2021-02-04 20:02:00+00:00,
2021-02-04 20:04:00+00:00,
2021-02-04 20:06:00+00:00,19.5
2021-02-04 20:07:00+00:00,19.5
2021-02-04 20:08:00+00:00,19.5
2021-02-04 20:10:00+00:00,19.5
2021-02-04 20:11:00+00:00,19.6
2021-02-04 20:13:00+00:00,19.5
2021-02-04 20:15:00+00:00,19.5
2021-02-04 20:16:00+00:00,19.5
2021-02-04 20:18:00+00:00,19.5
2021-02-04 20:19:00+00:00,19.5
2021-02-04 20:20:00+00:00,19.5
2021-02-04 20:21:00+00:00,19.5
2021-02-04 20:22:00+00:00,19.5
2021-02-04 20:23:00+00:00,19.5
2021-02-04 20:24:00+00:00,19.5
2021-02-04 20:25:00+00:00,19.5
2021-02-04 20:26:00+00:00,19.5
2021-02-04 20:27:00+00:00,19.5
2021-02-04 20:28:00+00:00,19.5
2021-02-04 20:29:00+00:00,19.6
2021-02-04 20:30:00+00:00,19.6
2021-02-04 20:31:00+00:00,19.6
2021-02-04 20:32:00+00:00,19.6
2021-02-04 20:33:00+00:00,19.6
2021-02-04 20:34:00+00:00,19.6
2021-02-04 20:35:00+00:00,19.7
2021-02-04 20:36:00+00:00,19.6
2021-02-04 20:37:00+00:00,19.6
2021-02-04 20:38:00+00:00,19.7
2021-02-04 20:39:00+00:00,19.6
2021-02-04 20:40:00+00:00,19.6
2021-02-04 20:41:00+00:00,19.6
2021-02-04 20:42:00+00:00,19.7
2021-02-04 20:43:00+00:00,19.7
2021-02-04 20:44:00+00:00,19.7
2021-02-04 20:45:00+00:00,19.7
2021-02-04 20:46:00+00:00,19.8
2021-02-04 20:47:00+00:00,19.8
2021-02-04 20:48:00+00:00,19.7
2021-02-04 20:50:00+00:00,19.7
2021-02-04 20:51:00+00:00,19.8
2021-02-04 20:53:00+00:00,19.7
2021-02-04 20:54:00+00:00,19.7
2021-02-04 20:55:00+00:00,19.7
2021-02-04 20:56:00+00:00,19.6
2021-02-04 20:57:00+00:00,19.6
2021-02-04 20:58:00+00:00,19.7
2021-02-04 20:59:00+00:00,19.7
2021-02-04 21:02:00+00:00,19.6
2021-02-04 21:03:00+00:00,19.7
2021-02-04 21:04:00+00:00,19.6
2021-02-04 21:05:00+00:00,19.6
2021-02-04 21:06:00+00:00,19.6
2021-02-04 21:08:00+00:00,19.6
2021-02-04 21:10:00+00:00,19.6
2021-02-04 21:12:00+00:00,19.7
2021-02-04 21:17:00+00:00,19.7
2021-02-04 21:18:00+00:00,19.7
2021-02-04 21:19:00+00:00,19.7
2021-02-04 21:20:00+00:00,19.7
2021-02-04 21:22:00+00:00,19.7
2021-02-04 21:23:00+00:00,19.7
2021-02-04 21:27:00+00:00,19.6
2021-02-04 21:29:00+00:00,19.6
2021-02-04 21:30:00+00:00,19.6
2021-02-04 21:31:00+00:00,19.6
2021-02-04 21:32:00+00:00,19.6
2021-02-04 21:33:00+00:00,19.5
2021-02-04 21:35:00+00:00,19.5
2021-02-04 21:36:00+00:00,19.5
2021-02-04 21:38:00+00:00,19.5
2021-02-04 21:43:00+00:00,19.5
2021-02-04 21:44:00+00:00,19.5
2021-02-04 21:45:00+00:00,19.5
2021-02-04 21:46:00+00:00,19.5
2021-02-04 21:48:00+00:00,19.5
2021-02-04 21:54:00+00:00,19.5
2021-02-04 21:57:00+00:00,19.5
2021-02-04 21:59:00+00:00,19.5
2021-02-04 22:00:00+00:00,19.5
2021-02-04 22:05:00+00:00,
2021-02-04 22:06:00+00:00,
2021-02-04 22:07:00+00:00,
2021-02-04 22:08:00+00:00,
2021-02-04 22:09:00+00:00,
2021-02-04 22:11:00+00:00,19.3
2021-02-04 22:12:00+00:00,19.3
2021-02-04 22:13:00+00:00,19.3
2021-02-04 22:14:00+00:00,19.3
2021-02-04 22:15:00+00:00,19.3
2021-02-04 22:16:00+00:00,
2021-02-04 22:17:00+00:00,19.3
2021-02-04 22:18:00+00:00,19.3
2021-02-04 22:19:00+00:00,19.3
2021-02-04 22:20:00+00:00,19.2
2021-02-04 22:21:00+00:00,19.3
2021-02-04 22:22:00+00:00,19.2
2021-02-04 22:23:00+00:00,19.2
2021-02-04 22:24:00+00:00,19.2
2021-02-04 22:26:00+00:00,19.1
2021-02-04 22:27:00+00:00,19.2
2021-02-04 22:28:00+00:00,19.2
2021-02-04 22:29:00+00:00,19.2
2021-02-04 22:30:00+00:00,19.2
2021-02-04 22:31:00+00:00,19.1
2021-02-04 22:32:00+00:00,19.1
2021-02-04 22:33:00+00:00,19.0
2021-02-04 22:34:00+00:00,19.0
2021-02-04 22:35:00+00:00,19.0
2021-02-04 22:36:00+00:00,19.0
2021-02-04 22:38:00+00:00,18.89
2021-02-04 22:39:00+00:00,19.0
2021-02-04 22:40:00+00:00,19.0
2021-02-04 22:41:00+00:00,18.89
2021-02-04 22:42:00+00:00,18.89
2021-02-04 22:43:00+00:00,18.89
2021-02-04 22:44:00+00:00,18.89
2021-02-04 22:45:00+00:00,18.89
2021-02-04 22:46:00+00:00,18.8
2021-02-04 22:47:00+00:00,18.89
2021-02-04 22:48:00+00:00,18.89
2021-02-04 22:49:00+00:00,18.89
2021-02-04 22:50:00+00:00,19.0
2021-02-04 22:52:00+00:00,18.89
2021-02-04 22:53:00+00:00,18.8
2021-02-04 22:54:00+00:00,18.8
2021-02-04 22:55:00+00:00,18.7
2021-02-04 22:56:00+00:00,18.8
2021-02-04 22:57:00+00:00,18.7
2021-02-04 22:58:00+00:00,18.7
2021-02-04 22:59:00+00:00,18.7
2021-02-04 23:00:00+00:00,18.7
2021-02-04 23:01:00+00:00,18.7
2021-02-04 23:03:00+00:00,18.6
2021-02-04 23:04:00+00:00,18.6
2021-02-04 23:05:00+00:00,18.6
2021-02-04 23:06:00+00:00,18.5
2021-02-04 23:07:00+00:00,18.6
2021-02-04 23:08:00+00:00,18.6
2021-02-04 23:09:00+00:00,18.6
2021-02-04 23:11:00+00:00,18.5
2021-02-04 23:12:00+00:00,18.5
2021-02-04 23:13:00+00:00,18.5
2021-02-04 23:14:00+00:00,18.6
2021-02-04 23:15:00+00:00,18.6
2021-02-04 23:16:00+00:00,18.6
2021-02-04 23:17:00+00:00,18.5
2021-02-04 23:18:00+00:00,18.5
2021-02-04 23:19:00+00:00,18.5
2021-02-04 23:21:00+00:00,18.5
2021-02-04 23:22:00+00:00,18.6
2021-02-04 23:23:00+00:00,18.6
2021-02-04 23:25:00+00:00,18.5
2021-02-04 23:28:00+00:00,18.5
2021-02-04 23:31:00+00:00,18.6
2021-02-04 23:32:00+00:00,18.6
2021-02-04 23:34:00+00:00,18.5
2021-02-04 23:35:00+00:00,18.6
2021-02-04 23:37:00+00:00,18.6
2021-02-04 23:38:00+00:00,18.6
2021-02-04 23:39:00+00:00,18.6
2021-02-04 23:41:00+00:00,18.5
2021-02-04 23:42:00+00:00,18.6
2021-02-04 23:43:00+00:00,18.6
2021-02-04 23:44:00+00:00,18.7
2021-02-04 23:46:00+00:00,18.7
2021-02-04 23:48:00+00:00,18.8
2021-02-04 23:49:00+00:00,18.8
2021-02-04 23:51:00+00:00,18.8
2021-02-04 23:54:00+00:00,18.8
2021-02-04 23:56:00+00:00,18.8
2021-02-04 23:57:00+00:00,18.8
2021-02-04 23:58:00+00:00,18.8
2021-02-04 23:59:00+00:00,18.8
2021-02-05 00:00:00+00:00,18.89
2021-02-05 00:01:00+00:00,18.89
2021-02-05 00:02:00+00:00,18.89
2021-02-05 00:03:00+00:00,18.89
2021-02-05 00:04:00+00:00,18.8
2021-02-05 00:06:00+00:00,18.89
2021-02-05 00:07:00+00:00,18.89
2021-02-05 00:08:00+00:00,18.89
2021-02-05 00:09:00+00:00,18.89
2021-02-05 00:10:00+00:00,18.89
2021-02-05 00:11:00+00:00,18.89
2021-02-05 00:12:00+00:00,18.89
2021-02-05 00:16:00+00:00,18.89
2021-02-05 00:17:00+00:00,19.0
2021-02-05 00:18:00+00:00,19.1
2021-02-05 00:19:00+00:00,19.1
2021-02-05 00:20:00+00:00,19.1
2021-02-05 00:21:00+00:00,19.1
2021-02-05 00:22:00+00:00,19.1
2021-02-05 00:23:00+00:00,19.1
2021-02-05 00:25:00+00:00,19.2
2021-02-05 00:26:00+00:00,19.2
2021-02-05 00:27:00+00:00,19.2
2021-02-05 00:30:00+00:00,19.2
2021-02-05 00:31:00+00:00,19.1
2021-02-05 00:32:00+00:00,19.1
2021-02-05 00:33:00+00:00,19.1
2021-02-05 00:37:00+00:00,19.3
2021-02-05 00:40:00+00:00,19.3
2021-02-05 00:41:00+00:00,19.3
2021-02-05 00:44:00+00:00,
2021-02-05 00:45:00+00:00,
2021-02-05 00:46:00+00:00,19.3
2021-02-05 00:47:00+00:00,19.3
2021-02-05 00:50:00+00:00,19.3
2021-02-05 00:51:00+00:00,19.3
2021-02-05 00:52:00+00:00,19.3
2021-02-05 00:53:00+00:00,19.3
2021-02-05 00:56:00+00:00,
2021-02-05 00:57:00+00:00,
2021-02-05 00:58:00+00:00,19.5
2021-02-05 00:59:00+00:00,
2021-02-05 01:00:00+00:00,
2021-02-05 01:03:00+00:00,
2021-02-05 01:04:00+00:00,
2021-02-05 01:05:00+00:00,
2021-02-05 01:07:00+00:00,
2021-02-05 01:08:00+00:00,
2021-02-05 01:09:00+00:00,
2021-02-05 01:10:00+00:00,
2021-02-05 01:13:00+00:00,19.5
2021-02-05 01:15:00+00:00,19.5
2021-02-05 01:16:00+00:00,
2021-02-05 01:19:00+00:00,
2021-02-05 01:23:00+00:00,
2021-02-05 01:32:00+00:00,
2021-02-05 01:33:00+00:00,
2021-02-05 01:34:00+00:00,19.5
2021-02-05 01:35:00+00:00,
2021-02-05 01:40:00+00:00,
2021-02-05 01:41:00+00:00,
2021-02-05 01:42:00+00:00,
2021-02-05 01:43:00+00:00,19.3
2021-02-05 01:49:00+00:00,19.3
2021-02-05 01:51:00+00:00,19.3
2021-02-05 01:52:00+00:00,19.3
2021-02-05 01:53:00+00:00,19.3
2021-02-05 01:54:00+00:00,19.2
2021-02-05 01:55:00+00:00,19.3
2021-02-05 02:03:00+00:00,19.3
2021-02-05 02:06:00+00:00,19.2
2021-02-05 02:07:00+00:00,19.2
2021-02-05 02:08:00+00:00,19.2
2021-02-05 02:09:00+00:00,19.2
2021-02-05 02:11:00+00:00,19.1
2021-02-05 02:14:00+00:00,19.1
2021-02-05 02:15:00+00:00,19.1
2021-02-05 02:17:00+00:00,19.1
2021-02-05 02:18:00+00:00,19.2
2021-02-05 02:20:00+00:00,19.1
2021-02-05 02:22:00+00:00,19.1
2021-02-05 02:23:00+00:00,19.0
2021-02-05 02:24:00+00:00,19.1
2021-02-05 02:25:00+00:00,19.1
2021-02-05 02:26:00+00:00,19.1
2021-02-05 02:27:00+00:00,19.0
2021-02-05 02:29:00+00:00,19.0
2021-02-05 02:30:00+00:00,18.89
2021-02-05 02:34:00+00:00,18.8
2021-02-05 02:35:00+00:00,18.89
2021-02-05 02:38:00+00:00,18.89
2021-02-05 02:39:00+00:00,18.89
2021-02-05 02:40:00+00:00,18.8
2021-02-05 02:41:00+00:00,18.8
2021-02-05 02:42:00+00:00,18.8
2021-02-05 02:43:00+00:00,18.8
2021-02-05 02:44:00+00:00,18.8
2021-02-05 02:45:00+00:00,18.89
2021-02-05 02:46:00+00:00,18.8
2021-02-05 02:47:00+00:00,18.7
2021-02-05 02:48:00+00:00,18.7
2021-02-05 02:49:00+00:00,18.8
2021-02-05 02:51:00+00:00,18.8
2021-02-05 02:53:00+00:00,18.8
2021-02-05 02:54:00+00:00,18.8
2021-02-05 02:56:00+00:00,18.7
2021-02-05 02:57:00+00:00,18.8
2021-02-05 02:58:00+00:00,18.7
2021-02-05 02:59:00+00:00,18.7
2021-02-05 03:00:00+00:00,18.7
2021-02-05 03:01:00+00:00,18.7
2021-02-05 03:02:00+00:00,18.7
2021-02-05 03:08:00+00:00,18.5
2021-02-05 03:10:00+00:00,18.6
2021-02-05 03:13:00+00:00,18.5
2021-02-05 03:14:00+00:00,18.6
2021-02-05 03:16:00+00:00,18.6
2021-02-05 03:28:00+00:00,18.5
2021-02-05 03:29:00+00:00,18.5
2021-02-05 03:31:00+00:00,18.5
2021-02-05 03:35:00+00:00,18.5
2021-02-05 03:36:00+00:00,18.5
2021-02-05 03:44:00+00:00,18.6
2021-02-05 03:47:00+00:00,18.6
2021-02-05 03:48:00+00:00,18.7
2021-02-05 03:51:00+00:00,18.7
2021-02-05 03:53:00+00:00,18.7
2021-02-05 03:55:00+00:00,18.7
2021-02-05 03:56:00+00:00,18.7
2021-02-05 03:57:00+00:00,18.8
2021-02-05 03:59:00+00:00,18.8
2021-02-05 04:07:00+00:00,18.89
2021-02-05 04:10:00+00:00,18.8
2021-02-05 04:11:00+00:00,18.89
2021-02-05 04:12:00+00:00,18.89
2021-02-05 04:15:00+00:00,18.89
2021-02-05 04:16:00+00:00,18.89
2021-02-05 04:17:00+00:00,18.89
2021-02-05 04:18:00+00:00,19.0
2021-02-05 04:19:00+00:00,19.0
2021-02-05 04:23:00+00:00,19.1
2021-02-05 04:24:00+00:00,19.2
2021-02-05 04:26:00+00:00,19.2
2021-02-05 04:27:00+00:00,19.1
2021-02-05 04:29:00+00:00,19.1
2021-02-05 04:30:00+00:00,19.1
2021-02-05 04:31:00+00:00,19.2
2021-02-05 04:35:00+00:00,19.1
2021-02-05 04:36:00+00:00,19.1
2021-02-05 04:37:00+00:00,19.1
2021-02-05 04:39:00+00:00,19.2
2021-02-05 04:40:00+00:00,19.2
2021-02-05 04:43:00+00:00,
2021-02-05 04:44:00+00:00,
2021-02-05 04:45:00+00:00,
2021-02-05 04:46:00+00:00,
2021-02-05 04:49:00+00:00,19.3
2021-02-05 04:50:00+00:00,
2021-02-05 04:51:00+00:00,19.3
2021-02-05 04:52:00+00:00,19.3
2021-02-05 04:53:00+00:00,19.3
2021-02-05 04:54:00+00:00,19.3
2021-02-05 04:55:00+00:00,
2021-02-05 04:58:00+00:00,19.3
2021-02-05 04:59:00+00:00,19.3
2021-02-05 05:00:00+00:00,
2021-02-05 05:01:00+00:00,19.3
2021-02-05 05:02:00+00:00,19.3
2021-02-05 05:03:00+00:00,
2021-02-05 05:04:00+00:00,
2021-02-05 05:06:00+00:00,
2021-02-05 05:07:00+00:00,
2021-02-05 05:09:00+00:00,
2021-02-05 05:11:00+00:00,
2021-02-05 05:12:00+00:00,
2021-02-05 05:14:00+00:00,
2021-02-05 05:17:00+00:00,19.5
2021-02-05 05:19:00+00:00,19.5
2021-02-05 05:20:00+00:00,
2021-02-05 05:21:00+00:00,
2021-02-05 05:32:00+00:00,
2021-02-05 05:37:00+00:00,
2021-02-05 05:38:00+00:00,
2021-02-05 05:40:00+00:00,
2021-02-05 05:41:00+00:00,
2021-02-05 05:44:00+00:00,19.5
2021-02-05 05:45:00+00:00,19.5
2021-02-05 05:46:00+00:00,
2021-02-05 05:50:00+00:00,19.5
2021-02-05 05:52:00+00:00,19.5
2021-02-05 05:56:00+00:00,19.5
2021-02-05 05:59:00+00:00,
2021-02-05 06:00:00+00:00,
2021-02-05 06:02:00+00:00,
2021-02-05 06:04:00+00:00,19.3
2021-02-05 06:05:00+00:00,19.3
2021-02-05 06:06:00+00:00,19.3
2021-02-05 06:07:00+00:00,19.3
2021-02-05 06:08:00+00:00,19.3
2021-02-05 06:10:00+00:00,19.3
2021-02-05 06:12:00+00:00,19.2
2021-02-05 06:14:00+00:00,19.2
2021-02-05 06:15:00+00:00,19.2
2021-02-05 06:18:00+00:00,19.1
2021-02-05 06:19:00+00:00,19.1
2021-02-05 06:20:00+00:00,19.1
2021-02-05 06:23:00+00:00,19.1
2021-02-05 06:24:00+00:00,19.1
2021-02-05 06:25:00+00:00,19.0
2021-02-05 06:26:00+00:00,19.0
2021-02-05 06:27:00+00:00,19.1
2021-02-05 06:28:00+00:00,19.0
2021-02-05 06:29:00+00:00,19.0
2021-02-05 06:30:00+00:00,19.0
2021-02-05 06:31:00+00:00,19.1
2021-02-05 06:32:00+00:00,19.0
2021-02-05 06:33:00+00:00,19.0
2021-02-05 06:35:00+00:00,19.0
2021-02-05 06:36:00+00:00,19.0
2021-02-05 06:38:00+00:00,19.0
2021-02-05 06:39:00+00:00,19.0
2021-02-05 06:41:00+00:00,19.0
2021-02-05 06:43:00+00:00,18.89
2021-02-05 06:45:00+00:00,18.89
2021-02-05 06:46:00+00:00,18.8
2021-02-05 06:48:00+00:00,18.8
2021-02-05 06:49:00+00:00,18.8
2021-02-05 06:50:00+00:00,18.8
2021-02-05 06:51:00+00:00,18.89
2021-02-05 06:52:00+00:00,18.89
2021-02-05 06:54:00+00:00,18.8
2021-02-05 06:55:00+00:00,18.8
2021-02-05 06:56:00+00:00,18.8
2021-02-05 06:57:00+00:00,18.8
2021-02-05 06:58:00+00:00,18.8
2021-02-05 06:59:00+00:00,18.8
2021-02-05 07:00:00+00:00,18.8
2021-02-05 07:01:00+00:00,18.8
2021-02-05 07:02:00+00:00,18.7
2021-02-05 07:03:00+00:00,18.7
2021-02-05 07:04:00+00:00,18.7
2021-02-05 07:05:00+00:00,18.7
2021-02-05 07:06:00+00:00,18.7
2021-02-05 07:07:00+00:00,18.7
2021-02-05 07:08:00+00:00,18.7
2021-02-05 07:09:00+00:00,18.6
2021-02-05 07:10:00+00:00,18.6
2021-02-05 07:11:00+00:00,18.7
2021-02-05 07:14:00+00:00,18.6
2021-02-05 07:15:00+00:00,18.6
2021-02-05 07:16:00+00:00,18.6
2021-02-05 07:17:00+00:00,18.5
2021-02-05 07:18:00+00:00,18.6
2021-02-05 07:19:00+00:00,18.6
2021-02-05 07:20:00+00:00,18.6
2021-02-05 07:21:00+00:00,18.5
2021-02-05 07:22:00+00:00,18.5
2021-02-05 07:24:00+00:00,18.5
2021-02-05 07:25:00+00:00,18.39
2021-02-05 07:26:00+00:00,18.39
2021-02-05 07:27:00+00:00,18.39
2021-02-05 07:28:00+00:00,18.39
2021-02-05 07:29:00+00:00,18.39
2021-02-05 07:31:00+00:00,18.39
2021-02-05 07:32:00+00:00,18.5
2021-02-05 07:34:00+00:00,18.39
2021-02-05 07:35:00+00:00,18.5
2021-02-05 07:36:00+00:00,18.5
2021-02-05 07:37:00+00:00,18.5
2021-02-05 07:38:00+00:00,18.5
2021-02-05 07:41:00+00:00,18.5
2021-02-05 07:42:00+00:00,18.5
2021-02-05 07:43:00+00:00,18.5
2021-02-05 07:44:00+00:00,18.6
2021-02-05 07:45:00+00:00,18.5
2021-02-05 07:46:00+00:00,18.6
2021-02-05 07:47:00+00:00,18.6
2021-02-05 07:48:00+00:00,18.6
2021-02-05 07:50:00+00:00,18.5
2021-02-05 07:51:00+00:00,18.5
2021-02-05 07:52:00+00:00,18.6
2021-02-05 07:53:00+00:00,18.6
2021-02-05 07:54:00+00:00,18.7
2021-02-05 07:56:00+00:00,18.7
2021-02-05 07:57:00+00:00,18.7
2021-02-05 07:58:00+00:00,18.7
2021-02-05 07:59:00+00:00,18.7
2021-02-05 08:00:00+00:00,18.7
2021-02-05 08:01:00+00:00,18.7
2021-02-05 08:02:00+00:00,18.7
2021-02-05 08:03:00+00:00,18.7
2021-02-05 08:04:00+00:00,18.7
2021-02-05 08:05:00+00:00,18.7
2021-02-05 08:07:00+00:00,18.7
2021-02-05 08:08:00+00:00,18.7
2021-02-05 08:09:00+00:00,18.7
2021-02-05 08:10:00+00:00,18.7
2021-02-05 08:11:00+00:00,18.7
2021-02-05 08:12:00+00:00,18.7
2021-02-05 08:13:00+00:00,18.8
2021-02-05 08:14:00+00:00,18.8
2021-02-05 08:15:00+00:00,18.7
2021-02-05 08:16:00+00:00,18.7
2021-02-05 08:17:00+00:00,18.8
2021-02-05 08:18:00+00:00,18.8
2021-02-05 08:19:00+00:00,18.89
2021-02-05 08:20:00+00:00,18.89
2021-02-05 08:21:00+00:00,19.0
2021-02-05 08:22:00+00:00,19.0
2021-02-05 08:23:00+00:00,19.0
2021-02-05 08:24:00+00:00,19.0
2021-02-05 08:25:00+00:00,18.89
2021-02-05 08:26:00+00:00,19.0
2021-02-05 08:27:00+00:00,19.0
